{"stats":{"minecraft:used":{"minecraft:dirt":2},"minecraft:custom":{"minecraft:jump":21,"minecraft:time_since_rest":2713,"minecraft:leave_game":1,"minecraft:sprint_one_cm":6208,"minecraft:play_time":2713,"minecraft:time_since_death":2713,"minecraft:walk_one_cm":1032,"minecraft:sneak_time":12,"minecraft:total_world_time":2713,"minecraft:drop":1,"minecraft:fall_one_cm":418,"minecraft:fly_one_cm":5548},"minecraft:dropped":{"minecraft:wheat_seeds":1},"minecraft:picked_up":{"minecraft:wheat_seeds":1,"minecraft:dirt":2},"minecraft:mined":{"minecraft:tall_grass":4,"minecraft:short_grass":2,"minecraft:grass_block":1,"minecraft:dirt":1}},"DataVersion":3953}