{"stats":{"minecraft:used":{"minecraft:dirt":5},"minecraft:custom":{"minecraft:jump":38,"minecraft:time_since_rest":4118,"minecraft:crouch_one_cm":609,"minecraft:damage_dealt":15,"minecraft:leave_game":2,"minecraft:play_time":4118,"minecraft:sprint_one_cm":9111,"minecraft:damage_taken":25,"minecraft:time_since_death":4118,"minecraft:walk_one_cm":2998,"minecraft:sneak_time":145,"minecraft:total_world_time":4118,"minecraft:fall_one_cm":627,"minecraft:drop":1,"minecraft:fly_one_cm":10105},"minecraft:dropped":{"minecraft:wheat_seeds":1},"minecraft:picked_up":{"minecraft:wheat_seeds":4,"minecraft:dirt":8},"minecraft:mined":{"minecraft:tall_grass":4,"minecraft:short_grass":15,"minecraft:grass_block":2,"minecraft:dirt":6}},"DataVersion":3953}